[
    {
        "frequencyId": 1,
        "frequencyName": "Hourly",
        "frequencyValues": [
            1,
            2,
            3,
            4,
            5,
            6,
            7,
            8,
            9,
            10,
            11,
            12,
            13,
            14,
            15,
            16,
            17,
            18,
            19,
            20,
            21,
            22,
            23,
            24
        ]
    },
    {
        "frequencyId": "2",
        "frequencyName": "Monthly",
        "frequencyValues": [
            5,
            10,
            15,
            20
        ]
    },
    {
        "frequencyId": "3",
        "frequencyName": "Weekly",
        "frequencyValues": [
            {
                "1": "Sunday",
                "2": "Monday",
                "3": "Tuesday",
                "4": "Wednesday",
                "5": "Thursday",
                "6": "Friday",
                "7": "Saturday"
            }
        ]
    }
]