[
    {
        "id": "",
        "type": "",
        "service": "",
        "customer": "",
        "frequency": "",
        "description": "",
        "url": "",
        "userId": "",
        "password": "",
        "portNumber": "",
        "dataCollectionServiceStarted": false,
        "krFrequency": {
            "frequencyId": "",
            "frequencyValue": ""
        },
        "fcFrequency": {
            "frequencyId": "",
            "frequencyValue": ""
        },
        "masking": [
            {
                "columnName": "",
                "columnVisibilty": false
            }
        ]
    }
]